resetn,read_enb_0,read_enb_1,read_enb_2,pkt_valid,data_in,data_out_0,data_out_1,data_out_2,valid_out_0,valid_out_1,valid_out_2,error,busy
0,x,x,x,x,  x,  x,  x,  x,x,x,x,0,x
1,x,x,x,x,  x,  0,  0,  0,0,0,0,0,0
1,x,x,x,1,146,  0,  0,  0,0,0,0,0,0
1,x,x,x,1,146,  0,  0,  0,0,0,0,0,1
1,x,x,x,1,199,  0,  0,  0,0,0,0,0,0
1,x,x,x,1,204,  0,  0,  0,0,0,1,0,0
1,x,x,1,1, 83,  0,  0,  0,0,0,1,0,0
1,x,x,1,1, 34,  0,  0,146,0,0,1,0,0
1,x,x,1,1,236,  0,  0,199,0,0,1,0,0
1,x,x,1,1, 52,  0,  0,204,0,0,1,0,0
1,x,x,1,1, 95,  0,  0, 83,0,0,1,0,0
1,x,x,1,1, 37,  0,  0, 34,0,0,1,0,0
1,x,x,1,1,239,  0,  0,236,0,0,1,0,0
1,x,x,1,1,131,  0,  0, 52,0,0,1,0,0
1,x,x,1,1,231,  0,  0, 95,0,0,1,0,0
1,x,x,1,1, 43,  0,  0, 37,0,0,1,0,0
1,x,x,1,1,209,  0,  0,239,0,0,1,0,0
1,x,x,1,1,110,  0,  0,131,0,0,1,0,0
1,x,x,1,1, 70,  0,  0,231,0,0,1,0,0
1,x,x,1,1,104,  0,  0, 43,0,0,1,0,0
1,x,x,1,1, 67,  0,  0,209,0,0,1,0,0
1,x,x,1,1, 28,  0,  0,110,0,0,1,0,0
1,x,x,1,1,205,  0,  0, 70,0,0,1,0,0
1,x,x,1,1,  5,  0,  0,104,0,0,1,0,0
1,x,x,1,1,190,  0,  0, 67,0,0,1,0,0
1,x,x,1,1,251,  0,  0, 28,0,0,1,0,0
1,x,x,1,1,201,  0,  0,205,0,0,1,0,0
1,x,x,1,1,230,  0,  0,  5,0,0,1,0,0
1,x,x,1,1,153,  0,  0,190,0,0,1,0,0
1,x,x,1,1,235,  0,  0,251,0,0,1,0,0
1,x,x,1,1, 17,  0,  0,201,0,0,1,0,0
1,x,x,1,1,232,  0,  0,230,0,0,1,0,0
1,x,x,1,1, 29,  0,  0,153,0,0,1,0,0
1,x,x,1,1,191,  0,  0,235,0,0,1,0,0
1,x,x,1,1,100,  0,  0, 17,0,0,1,0,0
1,x,x,1,1, 74,  0,  0,232,0,0,1,0,0
1,x,x,1,1,128,  0,  0, 29,0,0,1,0,0
1,x,x,1,1,115,  0,  0,191,0,0,1,0,0
1,x,x,1,1,148,  0,  0,100,0,0,1,0,0
1,x,x,1,1, 42,  0,  0, 74,0,0,1,0,0
1,x,x,1,0,204,  0,  0,128,0,0,1,0,0
1,x,x,1,0,204,  0,  0,115,0,0,1,0,1
1,x,x,1,0,204,  0,  0,148,0,0,1,0,1
1,x,x,1,0,204,  0,  0, 42,0,0,1,0,0
1,x,x,1,0,204,  0,  0,204,0,0,0,0,0
1,x,x,0,0,204,  0,  0,  z,0,0,0,0,0
1,x,x,0,0,204,  0,  0,  z,0,0,0,0,0
1,x,x,0,0,204,  0,  0,  z,0,0,0,0,0
1,x,x,0,1,148,  0,  0,  z,0,0,0,0,0
1,x,x,0,1,148,  0,  0,  z,0,0,0,0,1
1,x,x,0,1,179,  0,  0,  z,0,0,0,0,0
1,x,x,0,1,230,  0,  0,  z,1,0,0,0,0
1,1,x,0,1, 66,  0,  0,  z,1,0,0,0,0
1,1,x,0,1,148,148,  0,  z,1,0,0,0,0
1,1,x,0,1, 70,179,  0,  z,1,0,0,0,0
1,1,x,0,1, 87,230,  0,  z,1,0,0,0,0
1,1,x,0,1,152, 66,  0,  z,1,0,0,0,0
1,1,x,0,1,131,148,  0,  z,1,0,0,0,0
1,1,x,0,1,254, 70,  0,  z,1,0,0,0,0
1,1,x,0,1,130, 87,  0,  z,1,0,0,0,0
1,1,x,0,1, 43,152,  0,  z,1,0,0,0,0
1,1,x,0,1,152,131,  0,  z,1,0,0,0,0
1,1,x,0,1, 83,254,  0,  z,1,0,0,0,0
1,1,x,0,1, 59,130,  0,  z,1,0,0,0,0
1,1,x,0,1, 22, 43,  0,  z,1,0,0,0,0
1,1,x,0,1,105,152,  0,  z,1,0,0,0,0
1,1,x,0,1,246, 83,  0,  z,1,0,0,0,0
1,1,x,0,1, 83, 59,  0,  z,1,0,0,0,0
1,1,x,0,1,216, 22,  0,  z,1,0,0,0,0
1,1,x,0,1, 89,105,  0,  z,1,0,0,0,0
1,1,x,0,1, 34,246,  0,  z,1,0,0,0,0
1,1,x,0,1,177, 83,  0,  z,1,0,0,0,0
1,1,x,0,1,241,216,  0,  z,1,0,0,0,0
1,1,x,0,1,227, 89,  0,  z,1,0,0,0,0
1,1,x,0,1,109, 34,  0,  z,1,0,0,0,0
1,1,x,0,1, 97,177,  0,  z,1,0,0,0,0
1,1,x,0,1,201,241,  0,  z,1,0,0,0,0
1,1,x,0,1,106,227,  0,  z,1,0,0,0,0
1,1,x,0,1,170,109,  0,  z,1,0,0,0,0
1,1,x,0,1,180, 97,  0,  z,1,0,0,0,0
1,1,x,0,1, 66,201,  0,  z,1,0,0,0,0
1,1,x,0,1,126,106,  0,  z,1,0,0,0,0
1,1,x,0,1, 92,170,  0,  z,1,0,0,0,0
1,1,x,0,1,254,180,  0,  z,1,0,0,0,0
1,1,x,0,1, 49, 66,  0,  z,1,0,0,0,0
1,1,x,0,1, 50,126,  0,  z,1,0,0,0,0
1,1,x,0,1, 43, 92,  0,  z,1,0,0,0,0
1,1,x,0,0,103,254,  0,  z,1,0,0,0,0
1,1,x,0,0,103, 49,  0,  z,1,0,0,0,1
1,1,x,0,0,103, 50,  0,  z,1,0,0,0,1
1,1,x,0,0,103, 43,  0,  z,1,0,0,0,0
1,1,x,0,0,103,103,  0,  z,0,0,0,0,0
1,0,x,0,0,103,  z,  0,  z,0,0,0,0,0
1,0,x,0,0,103,  z,  0,  z,0,0,0,0,0
1,0,x,0,0,103,  z,  0,  z,0,0,0,0,0
1,0,x,0,1,253,  z,  0,  z,0,0,0,0,0
1,0,x,0,1,253,  z,  0,  z,0,0,0,0,1
1,0,x,0,1, 49,  z,  0,  z,0,0,0,0,0
1,0,x,0,1, 56,  z,  0,  z,0,1,0,0,0
1,0,1,0,1,219,  z,  0,  z,0,1,0,0,0
1,0,1,0,1,227,  z,253,  z,0,1,0,0,0
1,0,1,0,1, 20,  z, 49,  z,0,1,0,0,0
1,0,1,0,1,100,  z, 56,  z,0,1,0,0,0
1,0,1,0,1,181,  z,219,  z,0,1,0,0,0
1,0,1,0,1,170,  z,227,  z,0,1,0,0,0
1,0,1,0,1,157,  z, 20,  z,0,1,0,0,0
1,0,1,0,1,251,  z,100,  z,0,1,0,0,0
1,0,1,0,1,  1,  z,181,  z,0,1,0,0,0
1,0,1,0,1, 14,  z,170,  z,0,1,0,0,0
1,0,1,0,1, 58,  z,157,  z,0,1,0,0,0
1,0,1,0,1, 45,  z,251,  z,0,1,0,0,0
1,0,1,0,1, 94,  z,  1,  z,0,1,0,0,0
1,0,1,0,1,137,  z, 14,  z,0,1,0,0,0
1,0,1,0,1,219,  z, 58,  z,0,1,0,0,0
1,0,1,0,1,209,  z, 45,  z,0,1,0,0,0
1,0,1,0,1,131,  z, 94,  z,0,1,0,0,0
1,0,1,0,1,178,  z,137,  z,0,1,0,0,0
1,0,1,0,1,225,  z,219,  z,0,1,0,0,0
1,0,1,0,1, 52,  z,209,  z,0,1,0,0,0
1,0,1,0,1,252,  z,131,  z,0,1,0,0,0
1,0,1,0,1, 41,  z,178,  z,0,1,0,0,0
1,0,1,0,1,165,  z,225,  z,0,1,0,0,0
1,0,1,0,1,237,  z, 52,  z,0,1,0,0,0
1,0,1,0,1,205,  z,252,  z,0,1,0,0,0
1,0,1,0,1,111,  z, 41,  z,0,1,0,0,0
1,0,1,0,1,199,  z,165,  z,0,1,0,0,0
1,0,1,0,1, 14,  z,237,  z,0,1,0,0,0
1,0,1,0,1, 44,  z,205,  z,0,1,0,0,0
1,0,1,0,1,213,  z,111,  z,0,1,0,0,0
1,0,1,0,1,234,  z,199,  z,0,1,0,0,0
1,0,1,0,1, 52,  z, 14,  z,0,1,0,0,0
1,0,1,0,1,102,  z, 44,  z,0,1,0,0,0
1,0,1,0,1, 61,  z,213,  z,0,1,0,0,0
1,0,1,0,1, 71,  z,234,  z,0,1,0,0,0
1,0,1,0,1,252,  z, 52,  z,0,1,0,0,0
1,0,1,0,1,198,  z,102,  z,0,1,0,0,0
1,0,1,0,1,163,  z, 61,  z,0,1,0,0,0
1,0,1,0,1, 50,  z, 71,  z,0,1,0,0,0
1,0,1,0,1, 12,  z,252,  z,0,1,0,0,0
1,0,1,0,1,253,  z,198,  z,0,1,0,0,0
1,0,1,0,1,  7,  z,163,  z,0,1,0,0,0
1,0,1,0,1,100,  z, 50,  z,0,1,0,0,0
1,0,1,0,1,152,  z, 12,  z,0,1,0,0,0
1,0,1,0,1, 91,  z,253,  z,0,1,0,0,0
1,0,1,0,1,  0,  z,  7,  z,0,1,0,0,0
1,0,1,0,1,148,  z,100,  z,0,1,0,0,0
1,0,1,0,1,165,  z,152,  z,0,1,0,0,0
1,0,1,0,1,244,  z, 91,  z,0,1,0,0,0
1,0,1,0,1,163,  z,  0,  z,0,1,0,0,0
1,0,1,0,1,102,  z,148,  z,0,1,0,0,0
1,0,1,0,1,249,  z,165,  z,0,1,0,0,0
1,0,1,0,1, 51,  z,244,  z,0,1,0,0,0
1,0,1,0,1,223,  z,163,  z,0,1,0,0,0
1,0,1,0,1, 31,  z,102,  z,0,1,0,0,0
1,0,1,0,1, 84,  z,249,  z,0,1,0,0,0
1,0,1,0,1, 74,  z, 51,  z,0,1,0,0,0
1,0,1,0,1, 37,  z,223,  z,0,1,0,0,0
1,0,1,0,1,108,  z, 31,  z,0,1,0,0,0
1,0,1,0,1,251,  z, 84,  z,0,1,0,0,0
1,0,1,0,1, 11,  z, 74,  z,0,1,0,0,0
1,0,1,0,0,126,  z, 37,  z,0,1,0,0,0
1,0,1,0,0,126,  z,108,  z,0,1,0,0,1
1,0,1,0,0,126,  z,251,  z,0,1,0,0,1
1,0,1,0,0,126,  z, 11,  z,0,1,0,0,0
1,0,1,0,0,126,  z,126,  z,0,0,0,0,0
1,0,0,0,0,126,  z,  z,  z,0,0,0,0,0
1,0,0,0,0,126,  z,  z,  z,0,0,0,0,0
1,0,0,0,0,126,  z,  z,  z,0,0,0,0,0
1,0,0,0,1,238,  z,  z,  z,0,0,0,0,0
1,0,0,0,1,238,  z,  z,  z,0,0,0,0,1
1,0,0,0,1, 70,  z,  z,  z,0,0,0,0,0
1,0,0,0,1,166,  z,  z,  z,0,0,1,0,0
1,0,0,1,1, 16,  z,  z,  z,0,0,1,0,0
1,0,0,1,1, 98,  z,  z,238,0,0,1,0,0
1,0,0,1,1, 36,  z,  z, 70,0,0,1,0,0
1,0,0,1,1, 68,  z,  z,166,0,0,1,0,0
1,0,0,1,1,178,  z,  z, 16,0,0,1,0,0
1,0,0,1,1, 61,  z,  z, 98,0,0,1,0,0
1,0,0,1,1, 77,  z,  z, 36,0,0,1,0,0
1,0,0,1,1,130,  z,  z, 68,0,0,1,0,0
1,0,0,1,1,136,  z,  z,178,0,0,1,0,0
1,0,0,1,1,162,  z,  z, 61,0,0,1,0,0
1,0,0,1,1,160,  z,  z, 77,0,0,1,0,0
1,0,0,1,1,116,  z,  z,130,0,0,1,0,0
1,0,0,1,1,197,  z,  z,136,0,0,1,0,0
1,0,0,1,1, 45,  z,  z,162,0,0,1,0,0
1,0,0,1,1, 29,  z,  z,160,0,0,1,0,0
1,0,0,1,1,144,  z,  z,116,0,0,1,0,0
1,0,0,1,1, 45,  z,  z,197,0,0,1,0,0
1,0,0,1,1, 96,  z,  z, 45,0,0,1,0,0
1,0,0,1,1, 85,  z,  z, 29,0,0,1,0,0
1,0,0,1,1, 79,  z,  z,144,0,0,1,0,0
1,0,0,1,1,239,  z,  z, 45,0,0,1,0,0
1,0,0,1,1, 19,  z,  z, 96,0,0,1,0,0
1,0,0,1,1,192,  z,  z, 85,0,0,1,0,0
1,0,0,1,1,107,  z,  z, 79,0,0,1,0,0
1,0,0,1,1,149,  z,  z,239,0,0,1,0,0
1,0,0,1,1,  5,  z,  z, 19,0,0,1,0,0
1,0,0,1,1, 88,  z,  z,192,0,0,1,0,0
1,0,0,1,1, 57,  z,  z,107,0,0,1,0,0
